,text,Label
0, Bhai aap ko dm karna he,1
1, Bismillah Hir Rahma Nir Rahim MashaAllah MashaAllah MashaAllah Aap Ki Team Bahot Behtareen R Khoobsurat Ho Gi,1
2,   Bhai aap jaise logo ko sirf kamiya hi dikhti hai jeevan परेशानी में ही काट रहे है   shyd,1
3,   AUS SE BARRA NAWAZ AKA BAKWAAS SHARIF FUNDING CHOR CHOR KO IZAT DO AAP BHI DO,1
4, Aap aaj aayiye thik hai,1
5,  sir vimal khana kab choroge aap,1
6,Kitne hurdles aae lekin apna kaam karte rahe And apne kaam se kaam rakha No hype no drama no loud claims Just working silently and determinedly Aap log thak kar beech mein stop bhi kar dete to kisi ko pata nahin chalta What drives You Shah May the movie get completed fast,1
7,Aap yadi kisi aesi cheez par kabja karke baithe ho IN GENERAL SENSE Lets say ki woh satta ki kursi hi hainnPar yadi woh cheez aapke jiwan ko narak bana rahi hainnFir bhi us kursi yaa thing se khud ko attach karke rakhna kaha tak samajhdaari hai,1
8, You are good leader,0
9, Àap bhi apni reporting mein iss principle ko laggu karo Jayda chattukarta acchi nahi hoti  App Adalat se sharu hokar BJP ki kachari mein jaa rehay ho bhai sahib,1
10, Aap ki din mangalmay ho,1
11, Tonti bhaiya didi ne Bengal me hinduo  murder karaye hai Aap andhe ho apko dikha nahi kya,1
12, cries in AAP,1
13,  Aap bhi indian ho cab bhej do,1
14, Aap ki baat me dam hai dear,1
15,Aap ki baar modi charkar httpstcoXnLY7gFuch,1
16,  Arre aap hamesha itne gusse me kyu baat krte hoGood morning ya night to you too depending on where u live,1
17,    is it so httpstcoNLnIVidJWI,0
18, Dit is gewoon een samenvatting nvan feiten en rapporten nGeeft u gewoon een reëel beeld wat er daadwerkelijk speelt ipv al die broodje aap verhalen waar u mee word doodgegooid,1
19,   Aap bewakuf ho agar aapko ye lagta hai tonpadh likh ke aya karonPata kar le kaun sa AIIMS kab khulanNehru ke time ek khula tha wo bhi Raja Maharaja logo ne khola thanbaki sab BJP ne khole hai,1
20,  Meri wajah se aap logon ko bohot trouble hota na  Sorry,1
21, Bilkul sahi Pharmaya aap ne,1
22,Main to corrt pol se yehi kahunga ki aap apne past ka mulyankan kijiyennJo dhan janta se luut kar aap ne khud par kharch kiyaKya us se aapke jiwan me khushi aayi hainnYadi aaya hai to theek hai Aur nahi to kisi aur par nahi khud par taras kijiye,1
23, Sahi kha rahi hai aap,1
24,कांग्रेस  का कहना साफ हैं nइतना साफ की आब तक साढ़े तीन साल साफ  साफ झूठ बोलकर सरकार चला दिए आगे डेढ़ साल भी चल जाएगा पर वादा 10 दिन मे नियमित करेंगे  अनियमितकर्मचारी को बोलते रहेंगेnइसलिए अब प्रदेश के ढाई करोड़ लोगों का बेहतर विकल्प 2023 मे   httpstcoQcHouBVxU6 httpstcoK9SQcrTXBs,0
25, Salute,0
26, Aree Iska data  Biodata sab kharab hai Aap mehanat lete rhiye ,1
27,  RJD apna time yaad kijie jab lalu ji cm the bohot accha kaam kiya tha unhone na Kesi ne sach hi kha hai jab kise chez ka jawab chahiye to sabse pehle apne aap ke puche  Yaad aaya lathi chalaoo tel pilao raili ,1
28, accha ji agar koi raji ho jaye toh aap kabol karoge usse batao phir hum kisi se baat aage badaye bolo ji,1
29,   Gajab chpa hainWo udhar Jake kidnap ho gaye to aap jaoge negotiate karnenKabhi kachra phekne ke alawa bhi balcony se bahar dekh lijiye,1
30,  Ziek,0
31, धोखेबाज और अय्यार केजरीवाल का कोई ईमान धर्म नहीं है।  बस गंदगी और रायता फैलाना इसका काम है। दिल्ली तो लंदन बन गई होगी httpstcoxu6iB7ZVX6,0
32,AAPnnNew Insider Filing on ADVANCE AUTO PARTS INCsnnEVP Supply ChainnnREUBEN E SLONEnnhttpstcoL1TLeTMQWt,0
33, Very bad service no support i called many times for my money transferred reverse but they are not given 1 reply to baal ka 247 h or cll centre v koi support nhi de raha call utha ke Ye rakh de raha ye log apne aap ko Bhagwan samajh raha h,1
34, Wah WahMere Dil ki baat likh di aap ne to,1
35, Gobar ko khaane se aur mooth pinay se insaan Insaaniyat aur Akhlaaq bhool jaata hai yeh baat aap yaad rakhein…,1
36,    No need now,0
37,  Admins aur aap 5 baje tak soye nahi ya uth gaye,1
38,   In SHA ALLAH aap Hassan ko Bhool jao gy Naseem shah wh Karna kry ga,1
39,   guys ye kya bitching bitching khel rhe ho aap maddy slapping what is all this,1
40,  Ok bro toh aap ka naam kya h Us se sambhodan kar leta hu Instead of,1
41,   Aap log na fazul ki attention de daina isko This is another PR stunt of his,1
42,  Ye Kab ka description dere aap Namo aur baithi jun kya hai,1
43,Around 500000 people across NSW have been ordered to evacuate or prepare to flee as a rain bomb heads for Sydney the Hunter and the Central CoastnnLatest via  httpstco4aZQhYFIhbnn   httpstco0DfI5TNKcj,0
44, अगर अभी नवीन की जगह इमरान होता तो गिरगिट ने 1करोड़ का चैक थमा दिया होता ,0
45, Reena ji aap kya job karte ho ji,1
46, Madam chay me kefin hota hai jo aap ke brain  ke liye ghatak hai Our ek baat usaka Asar bhi dikhana shuru ho gaya hai,1
47,reply ‘Aap bhi’ Scenes outsides a Bandra restaurant as Alaya F stepped out after dinner FOLLOW – Hotness Everywhere  Instagram xa0Voompla httpstcoaET5ub2ALt,0
48, Deshhit me ek kaam kiya he aap ko party se nikala he Itna kafi he,1
49, Agar aap negative comments padh ke pareshan he so more than 50 are fake account he 20 Pakistani he or baki desh ke khilaf Wale log he,1
50, Phir finally bhuto b dafan ho hi jayega Jiski hadiyan b gaib ho gyi  lekin in bewaqoof so called musalman n kam aqal awam ko samjh ni ani Jo in zardario n shareefon k pichy apni akhrat b kharaab kar rahi hai Woh sirf apna ilaaj Londn krwayein gy aap ka nahi,1
51, Bhai aap sotey kab hain,1
52,Hlw bhai dil me to aap ho lekin girlfriend kehta he mujhe bhi dil me rakho kese AskSrk ,1
53,      Good job,0
54,       Aise amanwiya tatva har party me hote hai nBut aap log aise logo ko support na kare jo mahila ka apaman kare nChahe ho kisi bhi party ka ho nAise log kisi ke nahi hote aaj kisi aur ko bol rahe hai Kal kisi aur ko bolenge,1
55, Aaj bhi koi late night shootrecordingmeetings hain kya Kitnay hours so rahay hain Aap u200d,1
56,  Verschrikkelijk bescherm de dieren tegen de beesten ,0
57, OMGDeepika jiaap thik ho gye thanks GodnnGod bless younnGod se bahut dua Kiya apke liye,0
58,shesshhh an AAP god player  thanksss puuueee lt3 httpstcoG1Q4FnNREJ,1
59, Sweet atankwaadi ka naara desh ke tukde karo hazara PM ban jau tumhara,0
60,SP se ho aap Mai bina dekhe bol saktii hu Aapko aise naam pasand ayenge Ragho mai daudata khoon bolta hai akhirnAapke leader topi pehente hai iss mahaan atma ko pehene ek pic ho toh post karoslime of gutter httpstcoM1G3E1RrVP,1
61,Curated by the  team today Politico NYT AAPnnTexan Republican no match for the exwife of an ISIS commandernnhttpstcoTg8z3EF9e6,0
62,030322 023521 صaApnIstnieć z czekania i miłoścnnhttpstcohO00X1UoKY,0
63, Wah Sweet atankwaadi ke Rishtedaar,0
64, En toch staan ze niet helemaal achter Rusland In de VN veiligheidsraad hebben ze de invasie nog goed of afgekeurd En als je vriendjes bent had je een keuze gemaakt Dat Olympische spelen schijnt een broodje aap te zijn Maar daar zijn de meningen over verdeeld,1
65, Aap toh bhul hi Gaye ,1
66,   Sir yea videos Joo aap sab bana rahe ho ye up election mein kuch kaam nehi ayega,1
67, Hello good morning my friend aap humse Dosti karoge to message karo,1
68, Yogi ji  aap he aap hi aaoge,1
69,Advance Auto Parts Inc current quarter revenue growth YoY of 130 ranked 3025 out of 5708 companies in our database nn httpstcorXi8obulWx AAP,1
70,   Aap bolna HINDU SANSKRITI hai na,1
71, Aap ko pata tha to aap kya kar rahe the pahele batana chiye tha,1
72,     Steve smith ko b kehte hen coaches k pas ja k kaam kry jofra archer ka bouncer sar py q lag gaya tha usky Ajeeb chu admi hen aap,1
73,1 25kg        1AAP  25kg httpstcoxJduRf12Sq     69 httpstcosSfD4QutBR,0
74,   Shaam 5 bajenAap Dangal karne wali hain kya,0
75, admin aap sohte kab ho ,1
76,  Kitna bewakoof banaya aap ko aap bhi jumla pe vishwas kiya,1
77, Hii ji aap ka number bhejo,1
78,       sir kyu ho rha hain asse is it true  I know sir u r the next PM of India  plz solve this case,0
79,        Rat me jb aap mutne ke bad sone ja rahe the tb,1
80,    ji aap dono hi nahi poora Bharat Desh behkaawe mein aa gaya thaPublic ki innocence ke saath bahut ganda khel khela gaya tha,1
81, Itna tu pta chal gya hai k aap jese Chutiya logon ki waja sa dono countries ma hate phailti werna log itnay buray nhi hain ,1
82, Hum aap ke sath baba ji,1
83, Aap jaisa,1
84, ek kaam karo aap hi chale jao lene ke liye Sharam karo aise time pe politics karne ki jagah sarkar ka sath dete shayad 24 votes milte but aap to uske bhi layak nhi ho,1
85,  Propaganda ki rajniti hi aap jaise logo ki khuraak hai “ pata nahi kaun bola ki musalmaano se voting right chhin liya jayega” ye public hai sab jaanti hai,1
86,Another feather on yoar aap obviously httpstcovr3RopaMjk,1
87,Aaj Mumbai me Band stand Area me Mont marry church pr  salman bhai se mulakat hui Aaj bohot khushi hui bhai THANKYOU  aapke kimti 5 mint dene ke liye agr aap ye dekhe to apko yaad aayega mai Faisal iqbal chota sallu  bhopal se ,1
88,Kya Aap tweeter par aayengen,1
89, aap khud,1
90,Bad yehi sab kaam bacha hai aapke paas Sharam kijiye Kabse request kar raha hu dumping ground hai residential area me isko hatane ka kasht kijie please Zinda hai ya nahi aap lognnhttpstcobcus2pQvpO httpstco7XLLPMHRTr,1
91,  I have no idea why Pakistani feminists brings Islam out in everything sister do some research study islam I’m sure you won’t tweet like this if you knew the basic human rights Islam offers I don’t get this new trend Islam kai batai bolnai sai aap cool nae lgtai,1
92,Kya aap soo gae hai nYa abhi b jaag rahe hain,1
93,Nhi aap mari ho httpstcojTHdDn7Fw3 httpstcohaOWImmr9A,1
94,Round 1 to the AAP  Maryland Library Association statement httpstco7bPeu9g0f0,1
95,Nothing tweeter ji bas apne purane dino ko yaad kiya ja raha hai aap batao Tweet Alone batao,1
96, चोर है ये,0
97, Miya aap jaise Anpad log bhai likho to abbu padte hai ,1
98,  Faisal bhai Aap congress ke lye zaroori aap raajneeti na ko tyag kare aage badein,1
99, ब्रह्मांड का इकलौता ईमानदार प्राणी जो अपने बच्चों की झूठी कसम खाता है,0
100,Lol BJP  httpstco8qkT7IyTH0,1
101,பாசிச   இந்தியாவிலிருந்தே முற்றிலும் அழிக்கப்பட வேண்டியவை httpstco4g6fuc2sxw,0
102,Modi n BJP is just another politician they never do anything they only plan on how to win election not for country  this type of coaching should be closed immediately httpstcos6rYwAz8P6,1
103,  PR time for BJPnothing else,0
104,       Nice Its very much important to stand with the party workers and provide them all the necessary help including legal support,0
105,  ,0
106,10मार्च के बाद GDP बढ़ेगी गैस डीजल पेट्रोल सरसों तेल चाहे खुसी में बढ़े या गम में कमर कस के तैयार रहें  n   ,0
107,साक्षात्कार  जेपी नड्डा बोले विपक्ष ‘घातक गठजोड़’ बना पहले चुनाव लड़ता हैफिर हारने पर आपस में लड़ता हैnUPElectionWithAmarUjala VoteKaro election2022 upelection2022    nhttpstcopTAjk0Av9i,0
108, Desh ko aajad Karane me ek bhi kachchadhari ya bhagwadhari NHI tha ye aur na hi desh ke kisi Yuddh me tha to mai kahta hu ki BJP ke dalle hote kon h ye batane vale ki tum Hindu ho ya Musalmanaur desh ko barbad karne vali BJP h sabase badi deshdrohi h BJP aur isake supporters ,1
109, कहाँ मर गए कलमुँहे दंगाई खजपाई  n    ,0
110, Àap bhi apni reporting mein iss principle ko laggu karo Jayda chattukarta acchi nahi hoti  App Adalat se sharu hokar BJP ki kachari mein jaa rehay ho bhai sahib,1
111,               देव भूमि हिमाचल प्रदेश आगमन पर आपका हार्दिक अभिनंदन है।,0
112,కేంద్ర ప్రభుత్వం ఈ రోజు రాజధాని అమరావతిని గుర్తించి నిధులు కేటాయించి నందుకు చాలా సంతోషంగా ఉంది  జగన్మోహన్రెడ్డి వలన  గత మూడు సంవత్సరాల నుంచి రైతులు పడరాని పాట్లు పడుతున్నారు ఈరోజు కొంచెం ఉపశమనం కలిగింది అని కృతజ్ఞతలు తెలియజేశారుnnBuildAmaravatinSaveAndhraPradesh  httpstco78JdR8UZUi,0
113,  Kuch nhi karna ha BJP ko Yadav vote ki jarurat nhi ha baki hog hi kafi ha,1
114,Its important that voices again st Neet started to coming from BJP ruling states They too realise Neet is against Social JusticenBanNeet NeetAgainstPoor NeetAgainstSocialJustice httpstcoU1H7SD2Itr,1
115,   Thanks,0
116,  ஹிந்துக்களின் விரோதி மட்டுமே அல்ல BJP இந்தியாவின் விரோதிகள் BJP,1
117,  ஹிந்துக்களின் விரோதி மட்டுமே அல்ல BJP இந்தியாவின் விரோதிகள் BJP,1
118,  ஹிந்துக்களின் விரோதி மட்டுமே அல்ல BJP இந்தியாவின் விரோதிகள் BJP,1
119,      We Condemned this act of furtivenessnButlemme call out the namesnSiddique KappannKishorechandra WangkhemnPrashant KanojianThe List goes onnThey are the Journalists have been detained by BJP govt for bring out the unseen truth from the ground nHave you ever spoke about them,1
120,  ஹிந்துக்களின் விரோதி மட்டுமே அல்ல BJP இந்தியாவின் விரோதிகள் BJP,1
121, Someone doing PR on BJP government needs to be outrightly ignored The child is doing just thatkudos to her,1
122,  ஹிந்துக்களின் விரோதி மட்டுமே அல்ல BJP இந்தியாவின் விரோதிகள் BJP,1
123,We Condemned this act of furtivenessnButlemme call out the namesnSiddique KappannKishorechandra WangkhemnPrashant KanojianThe List goes onnThey are the Journalists have been detained by BJP govt for bring out the unseen truth from the ground nHave you ever spoke about them httpstcoqC0JXPUucU,1
124,  are taking legal actions against your family But in Police Station 183 they fund Amplifier based Loud Sound tortures which is against the article 21 of the constitution of india amp  Take legal actions to Jail them,0
125,  ஹிந்துக்களின் விரோதி மட்டுமே அல்ல BJP இந்தியாவின் விரோதிகள் BJP,1
126,  ஹிந்துக்களின் விரோதி மட்டுமே அல்ல BJP இந்தியாவின் விரோதிகள் BJP,1
127, ஹிந்துக்களின் விரோதி மட்டுமே அல்ல BJP இந்தியாவின் விரோதிகள் BJP,1
128,Respected LadiesGentlemenfollowers nelection view in UPnParameter10Lakhimpur Kheri Death gamenQ1Who is Gangester Ashish Mishra nQ2What did connection from BJPnQ3How many innocent people killed in Lakhimpur KherinQ4Why did released Gagster Mr Ashsish Mushra polling day,0
129,   Aap bewakuf ho agar aapko ye lagta hai tonpadh likh ke aya karonPata kar le kaun sa AIIMS kab khulanNehru ke time ek khula tha wo bhi Raja Maharaja logo ne khola thanbaki sab BJP ne khole hai,1
130,    So why dont you vote BJP out in the next elections for the mistakes it is doing now Simple And then vote congress out again for they will repeat their mistakes,1
131,   ஹிந்துக்களின் விரோதி மட்டுமே அல்ல BJP இந்தியாவின் விரோதிகள் BJP,1
132,   ஹிந்துக்களின் விரோதி மட்டுமே அல்ல BJP இந்தியாவின் விரோதிகள் BJP,1
133,  सच की जगह झूठ ने ले लिए हैं ।,0
134,   Bjp promotion,1
135, Like I said before Everyone in BJP wants a piece of this PR Cake,1
136,   httpstcoTDKxzAng1U,0
137,Every Telanganite should know that it is not TRS vs BJP or any political party for that matter it is a matter of lakhs of people who want to live in peacennPeople of TS want to grow financially morally etcnnPeacefulTelanganann,1
138,NID National Institute Of Design Amaravati Construction Status  Marc httpstcodQjOaOd7ss via  నేషనల్ ఇన్u200cస్టిట్యూట్ ఆఫ్ డిజైన్ కేంద్ర ప్రభుత్వ సమస్థ అమరావతి లో నిర్మాణం చుడండి BuildAmaravatinSaveAndhraPradesh    ,0
139,ప్రజా రాజధాని అమరావతి స్వయం ఆధారిత అభివృద్ధి సెల్ఫ్ ఫైనాన్స్ ప్రాజెక్ట్nnరైతులు భూ సమీకరణలో ఇచ్చిన భూమి అందుబాటులో ఉన్న ప్రభుత్వ భూములు అతి తక్కువ సమయంలో అంతర్జాతీయంగా వచ్చిన బ్రాండ్ ఇమేజ్ అమరావతికి పెట్టుబడిnnBuildAmaravati SaveAndhraPradesh Amaravati  httpstcoTcq5gqLnXo,0
140,    ஹிந்துக்களின் விரோதி மட்டுமே அல்ல BJP இந்தியாவின் விரோதிகள் BJP,1
141,   ஹிந்துக்களின் விரோதி மட்டுமே அல்ல BJP இந்தியாவின் விரோதிகள் BJP,1
142, Bjp ke dalal,1
143,VOTE FOR BJP,1
144,  ஹிந்துக்களின் விரோதி மட்டுமே அல்ல BJP இந்தியாவின் விரோதிகள் BJP,1
145,  Abe saale gatar ke Gatar hi rahoge desh ke vikash ke bare mai baat kar na saale tum log to girgit ki tarah honJo satta mai hai usi se gand sata ke rahoge chahe wo BJP PARTY HO YA SAPA,1
146,  ஹிந்துக்களின் விரோதி மட்டுமே அல்ல BJP இந்தியாவின் விரோதிகள் BJP,1
147,   ஹிந்துக்களின் விரோதி மட்டுமே அல்ல BJP இந்தியாவின் விரோதிகள் BJP,1
148,  ஹிந்துக்களின் விரோதி மட்டுமே அல்ல BJP இந்தியாவின் விரோதிகள் BJP,1
149,అమరావతికి బ్రాండ్ ఇమేజ్ పెద్ద వరంnnసింగపూర్  స్టార్టప్ ఏరియా ప్రాజెక్టు లండన్  బాండ్లు విడుదల చేసేందుకు లండన్ స్టాక్ ఎక్చేంజి సంసిద్ధత జపాన్జర్మనీఫ్రాన్స్ బ్రిటన్ చైనా సంస్థల పెట్టుబడులుnnBuildAmaravati SaveAndhraPradesh Amaravati    httpstco4xsNUozXYf,0
150,Scumbags of Telangana n n n n n n n nnn,0
151, BJP rss sarkar hatao,1
152, AbsolutelynnWhile discussing politics I told a DMK worker that in BJP his children could be Ministers CM PM President or anything if they had the ability amp worked hard How high can they go in his family enterprisennHe was stunnednIt had never struck him,1
153,  ஹிந்துக்களின் விரோதி மட்டுமே அல்ல BJP இந்தியாவின் விரோதிகள் BJP,1
154, Ye khada 2017se suru huwa unko cm banana tha lekin bjp ko malum hai unka DNA to congress wala hi hai tab se naraj hai,1
155,  Actors acting     When does this drama stops oh God,0
156, Why this bjp govt playing politics with Indian students at Ukraine India not voted against Russia It reflects on indians at Ukraine,1
157,   ஹிந்துக்களின் விரோதி மட்டுமே அல்ல BJP இந்தியாவின் விரோதிகள் BJP,1
158,Vote for bjp Vote for nation httpstco8Wg9MNeW69,1
159, ,0
160,   ஹிந்துக்களின் விரோதி மட்டுமே அல்ல BJP இந்தியாவின் விரோதிகள் BJP,1
161,Up Election 2022 Some Voters In Purvanchal Leave Behind Their Caste And Vote In Favor Of Government Giving Beneficial Schemes Such Voters Can Prove To Be The Biggest Voters Of Bjp – उत्तर प्रदेश चुनाव छठा चरण केवल जातिवाद ही नहीं बल्कि दूसरे मुद्दे… httpstcoHbIvdSP5vR,1
162,      Jay ho,0
163,BJP MP Gambhir fifth Jan Rasoi to start soon in Delhi He is mentor of Lucknow IPL Franchise  दिल्ली महज 1 रूपये में ‘पेट’ भर रहा ये स्टार क्रिकेटर IPL की लखनऊ टीम से खासxa0रिश्ता httpstcoiu5jCrRKnN,1
164,  BJP का विधायक  था   भाई नीतीश के पार्टी का नहीं,1
165,   ஹிந்துக்களின் விரோதி மட்டுமே அல்ல BJP இந்தியாவின் விரோதிகள் BJP,1
166,    ஹிந்துக்களின் விரோதி மட்டுமே அல்ல BJP இந்தியாவின் விரோதிகள் BJP,1
167,   ஹிந்துக்களின் விரோதி மட்டுமே அல்ல BJP இந்தியாவின் விரோதிகள் BJP,1
168,   ஹிந்துக்களின் விரோதி மட்டுமே அல்ல BJP இந்தியாவின் விரோதிகள் BJP,1
169,   ஹிந்துக்களின் விரோதி மட்டுமே அல்ல BJP இந்தியாவின் விரோதிகள் BJP,1
170, BJP ke dalle apane roti pakane ke liye Hindu Hindu karte h jabaki apani bahan betiyo ki Sadi muslimo se karte h to salo tum Hindu ho KAha aur muslimo se jalte Kyu ho itna Aur tum hote kon ho Hinduo ki bat karne vale apani bahan beti khud jake de rhe ho unako fir jalan Kyu h ,1
171,   Get out of Hate BJP mindset You guys are blinded by hate India is doing its best possible in the current scenario No other country has taken so much effort to evacuate including developed countries,1
172,   ஹிந்துக்களின் விரோதி மட்டுமே அல்ல BJP இந்தியாவின் விரோதிகள் BJP,1
173,Western threat is only of materialism which is harmful only in extreme as one forgets spiritual valuesnBut BJP RSS is the demon which has existed for centuries and leads people to hell and animal birth Atleast the violent aspect should be neutralised,1
174,   ஹிந்துக்களின் விரோதி மட்டுமே அல்ல BJP இந்தியாவின் விரோதிகள் BJP,1
175,      பினந்தின்னிபாஜக,0
176,  ஹிந்துக்களின் விரோதி மட்டுமே அல்ல BJP இந்தியாவின் விரோதிகள் BJP,1
177,West Bengal civic elections BJP scores 0 to ‘introspect’ pollxa0debacle httpstcouUqH9teSGO,1
178,Hari OM Gurudev Datta BJP nSupreme Almighty Godhead Bhagwan Shree Dattatrey bless you all Please vote for Lotus for BJP Hari OM httpstcoOM5EFTD4ND,1
179,Interview  BJP’s growth is a perception created by mediaxa0Anbumani httpstcoBBeiNSZrh3,0
180,Respected LadiesGentlemenfollowers nelection view in UPnHijab crisisstudents dressnQ4Did RSSBjpNDA can decide students dress for Muslim womengirls,0
181,   वोट देना मजाक बात हैइसके लिए बूथ केंद्र पर जाना पड़ता है ,0
182,       जय योगी जी महाराज,0
183,1990 માં કાશ્મીર અંદર  હિન્દુઓની હત્યા થાઈ તાર સરકાર જનતા દળ ને     ની હતીnજેના વડાપ્રધાન વિશ્વનાથ પ્રતાપ સિંહ હતાં ને ગ્રુહ મંત્રી મુક્તિ મોહમ્મદ સઈદ હતા ને  વિપક્ષમાં હતી ને વિપક્ષના નેતા શ્રી રાજીવ ગાંધી હતા nખાસઅંધભગતોમાટે httpstcobNcWdwDSO3,0
184,        Rita shastri जिंदाबाद,0
185,  Har har mahadev,0
186, என்ன முடிக்கு நாங்க அனுப்பனும் பாஜகவுல உள்ளவனுக்கு மட்டும் தானே தேசபக்தி பொங்கி வழியும் என்று பீத்துவீங்கஆம்பளையா இருந்தா போங்க எல்லா பயலுங்களும் நெஞ்ச நிமிர்த்தி போய் காப்பாத்துங்க,0
187,  Har ghar modiYogi ji,0
188,یہ بازی حق کی بازی ہے یہ بازی تم ہی ہارو گے ان شا اللہ ہمارے شہدا کا ہندوستان کو پیغام Endia Bjp,1
189,AUNTY NATIONAL IS IN THE HOUSE AND SHES NOT HOLDING A GAS CYLINDERnnoh waitnBJPहटाओदेशबचायो httpstcoTpRbKfw6Ha,0
190,BJP RSS is the demon which has hijacked hinduism for selfish motivenBJP RSS is the demon which tried to hijack India for same reason nForeign threat is a lesser threat,1
191,पहले हमलाnअब गिरफ्तारीnnदलितोंपिछड़ों पर वार का वोट से मिलेगा जवाबnहर बूथ पर BJP होगी साफ,1
192, Arre let them all return otherwise you and your ilk will say BJP  dikhawa kar rahi hai You have done your two pennies worth tweeting and crying hoarse in Punjab amp UP Apparently you have a lot of clout and Goodwill in Europe why dont you fly down and show BJP how its done,1
193,  Well bjp got 70 seats first time in Bengal since independence,1
194, Yeh bhi BJP ka minister hai httpstcoImEedxAsI5,1
195, For the right price Hindus will sell india oh sorry BJP and RSS is doing is right now,1
196,Repestected LadiesGentlrmenfollowersnview of election in UP parameter10Hijab preplanned agenda created by NDAVHPRSS nQ1Did you know about nwhy did created Hijab crisis in KarnatakanQ2Did it preplanned agenda from BJPnQ3Who did decide dress fot students,0
197, httpstcozw5vRULB96,0
198, In each flight why all bjp ministers going and doing PR drama,1
199,bjp BJP files FIR against its MP Maurya’s kin  India News – Times ofxa0India httpstcoXGYgdY0Ser,1
200,మిత్రలభాలకే కేసీఆర్ ఆరాటం httpstcovnaufDXfAM,0
201,  War klar das diese Tatsache wo es hunderte Videos gibt von den linientreuenregierungsfreundlichen Twitterusern dementiert wird Angelika Baabe Berlin ist nur ein Bsp ihr Regierungstrolle,1
202, Mal als Bsp was kritische Fragen betrifft warum fragen sie auf der BPK eigentlich nicht nach den Rechtsextremen Gruppen die in der ukraine mit deutschen Waffen unterstützt werden Da sie ja selber als rechter dort bezeichnet werden Oder warum man gegen dt Gesetze verstößt,1
203,u3000u3000,0
204, nn,0
205,Check out this listing I just added to my Poshmark closet NWT BSP Blue Mesh Accent Pocket Capri Leggings Color is stock photos httpstcoKNEOhNIXlU shopmycloset ,1
206,BSP dou vimici Just cant with one waiting bench outside your branch nnWoucaaaa  ,1
207,5thTimeBSP httpstcoKIUfm1grDc,0
208,When the smile will come on the faces of the poor youth farmers and unemployed colleagues when honorable sister Kumari  ji will become the Chief Minister of Uttar Pradesh for the fifth timennआ रहा है शासनप्रशासनअनुशासन nn   httpstcog8jen8zJFt,0
209,Kk Ampangan Check BSP,1
210, Ok,0
211,BSP3102315‼nnnnCHEMISTRYamp  NHK httpstcoR26k3ygfI0,0
212,ugh GBSP dies are so expensive i need to cut two new G38 threads on this pump i dont want to spend €24 for that,0
213,బట్టి పాదయాత్ర కమ్మ రెడ్డి కులాలకు భరోసా యాత్రnబట్టి పాదయాత్ర వల్ల బహుజనులకు ఒరిగేది ఏమీ లేదు అంటూ మధిర నియోజకవర్గ incharge మిరియాల నాగరాజు గారు tweet చేశారు httpstco5w8kO8P2H1,0
214, Bsp jindabad,1
215,BSP,1
216, Bsp jindabad,1
217,    Bsp jindabad,1
218,       ,0
219,  Vote for bsp ,1
220, I’m honestly suprised he didn’t demand the school resource officer threaten the kids with finesprison under the state’s anti mask law because he felt “intimidated”,0
221,Tinjau Bansos Pangan Pj Sekda Trenggalek Ingin Pastikan BSP ini Tersalurkan Denganxa0Baik httpstco52QN4Lmi99,1
222, Bsp jindabad,1
223,  Bsp jindabad,1
224, Bsp jindabad,1
225, I just figure I’m going to die at this point Only a matter of time,0
226, बराबर बोला है आप आज भी उतनी ही समस्या है।,0
227, So its a mood,0
228, I play Empire at War an RTS from ‘06,0
229, httpstcoHKVO1GfdJJ,0
230,Amazon MusicSEGAThe whole new world Phantasy Star Online EPISODE 2 OPENING THEME httpstcouTmwqWaMcl,0
231, Ye bramhino ki soch ha to bramhin support kise karta ha aimim sp bsp congress ko,1
232, Stock is up over 1 AH,0
233,अपने जीवन में कभी भी पछतावा न करें nजहाँ अच्छे दिन खुशी और यादें देते हैं nवहीं बुरे दिन अनुभव और सबक देते हैं,0
234, I was happy with the gain,0
235, Been waiting the the cross on QQQs Tomorrow ,0
236,11nQUOLINEnhttpstcoYp9EPKje7Q,0
237, I don’t hate the company or the product just the BSP And thanks to those that listened if they wanted a better buy in they got it,1
238, Figured that out after close ,0
239,    Jay Bhim,0
240, It would be 1000x times worse than Damon and Jacoby to the Yankees,0
241,,0
242,Check out this listing I just added to my Poshmark closet NWT BSP Atomic Jelly Blue compression leggings httpstco0ucynLP4Mk shopmycloset ,1
243, nn,0
244,,0
245, nBSPnnnmiimegn,0
246,10 yr rate moves oil moves and Ukraine can move markets and its important to keep tabs on themnn10year yield sees biggest oneday jump since 2020 as traders ditch safe havens for riskier assetsnnhttpstcoV6SOEjITPa,0
247,  httpstcoBCgT6XbB21,0
248, BSP auch nur so gross wie Spaniens WIrklich mal ganz ernst was macht dieses Land mit der Bombe und einem Sitz im Sicherheitsrat,1
249,दिनवारतियाबीतताहाथीवालाजीतताnVote4BSPnbsppromisedops n5thTimeBSPn22मेंबसपाnबसपालाओउत्तरप्रदेशबचाओnबहनजीहैयूपीकीआस httpstco64d1aJaP4Q,0
250, httpstcoG7NRO1A7Qy,0
251, There are no small victories,0
252,To counter divisive politics of BJP and RSS secularism should be upheld by making alliance with TMC RJD SP BSP RLDTRS DMK and Congress but under TMC leadership httpstcoI0IErEpjZC,1
253,BSPnnnnnnn,0
254,Liveᴴᴰ Summerfield High School VS Morenci Area High School  MHSAA Girls Basketball Playoffs      httpstcorSFGdfEHHr    Wednesday 02 March 2022 ⏰ 700 PM,0
255,Liveᴴᴰ Stoney Creek High School VS Lake Orion High School  MHSAA Girls Basketball Playoffs      httpstcohtEovmygQj    Wednesday 02 March 2022 ⏰ 700 PM,0
256,Liveᴴᴰ Stephenson High School VS North Dickinson High School  MHSAA Girls Basketball Playoffs      httpstcoungjSdVfMZ    Wednesday 02 March 2022 ⏰ 700 PM,0
257,Liveᴴᴰ St Thomas More High School VS Liberty High School  LHSAA Div II Boys Basketball Semifinals      httpstcozPBLeNVDCH    Wednesday 02 March 2022 ⏰ 700 PM,0
258,Liveᴴᴰ Southern Garrett High School VS Mountain Ridge High School  MPSSAA Boys Basketball Playoffs      httpstcontw4K9LdE0    Wednesday 02 March 2022 ⏰ 700 PM,0
259,Liveᴴᴰ South Williamsport Area High School VS Southern Columbia Area High School  PIAA Girls Basketball Playoffs      httpstcoCLM5xFo75x    Wednesday 02 March 2022 ⏰ 700 PM,0
260,Liveᴴᴰ South Haven High School VS Berrien Springs High School  MHSAA Girls Basketball Playoffs      httpstco8HGqaHdGrP    Wednesday 02 March 2022 ⏰ 700 PM,0
261,Liveᴴᴰ Sand Creek High School VS ErieMason High School  MHSAA Girls Basketball Playoffs      httpstcoNlnZuxhSuV    Wednesday 02 March 2022 ⏰ 700 PM,0
262,Liveᴴᴰ Salina South High School VS Seaman High School  KSHSAA Girls Basketball Playoffs      httpstco6Ln7wpzkWA    Wednesday 02 March 2022 ⏰ 700 PM,0
263,Liveᴴᴰ Saginaw High School VS Flushing High School  MHSAA Girls Basketball Playoffs      httpstcoOtRuNfUtMn    Wednesday 02 March 2022 ⏰ 700 PM,0
264,Liveᴴᴰ Saginaw High School VS Clio High School  MHSAA Girls Basketball Playoffs      httpstcogUsHGPgJRR    Wednesday 02 March 2022 ⏰ 700 PM,0
265,Liveᴴᴰ Saginaw Arts amp Sciences Academy VS Michigan Lutheran Seminary  MHSAA Girls Basketball Playoffs      httpstcoH7EI8E7QUn    Wednesday 02 March 2022 ⏰ 700 PM,0
266,Liveᴴᴰ Roger Bacon VS Bloom Carroll  Boys Basketball Playoffs      httpstcozYTifpOB5d    Wednesday 02 March 2022 ⏰ 700 PM,0
267,Liveᴴᴰ Robert C Byrd High School VS Lincoln High School  WVSSAC Boys Basketball Playoffs      httpstcoQKxkf2P6do    Wednesday 02 March 2022 ⏰ 700 PM,0
268,Liveᴴᴰ Ridge High School VS Linden High School  NJSIAA Boys Basketball Quarterfinal      httpstcojNG9fpC59S    Wednesday 02 March 2022 ⏰ 700 PM,0
269,Liveᴴᴰ Red Lion Christian Academy VS Cape Henlopen High School  DIAA Girls Basketball Playoffs      httpstcoTyU0kB4JKZ    Wednesday 02 March 2022 ⏰ 700 PM,0
270,Liveᴴᴰ Potterville High School VS Bath High School  MHSAA Girls Basketball Playoffs      httpstco99NLu2KeEI    Wednesday 02 March 2022 ⏰ 700 PM,0
271,Liveᴴᴰ Padua Franciscan High School VS Cuyahoga Valley Christian Academy  Boys Basketball Playoffs      httpstco12RJW04sZM    Wednesday 02 March 2022 ⏰ 700 PM,0
272,Liveᴴᴰ Padua Academy VS Dover High School  DIAA Girls Basketball Playoffs      httpstco2YSnMYcGZl    Wednesday 02 March 2022 ⏰ 700 PM,0
273,Liveᴴᴰ Our Lady Of The Lakes High School VS Everest Collegiate High School and Academy  MHSAA Girls Basketball Playoffs      httpstcoqqtgx6KayK    Wednesday 02 March 2022 ⏰ 700 PM,0
274,Liveᴴᴰ Onsted High School VS Tecumseh High School  MHSAA Girls Basketball Playoffs      httpstcoEUKQIswoYz    Wednesday 02 March 2022 ⏰ 700 PM,0
275,Liveᴴᴰ Oak Glen High School VS Wheeling Central Catholic High School  WVSSAC Boys Basketball Playoffs      httpstcoIAw0fLL1UK    Wednesday 02 March 2022 ⏰ 700 PM,0
276,Liveᴴᴰ Notre Dame Preparatory School VS Cranbrook Kingswood High School  MHSAA Girls Basketball Playoffs      httpstco4Wi7wl1JEa    Wednesday 02 March 2022 ⏰ 700 PM,0
277, ,0
278,Liveᴴᴰ Northside Christian School VS Grandview Heights  OHSAA Boys Basketball Division IV District SemiFinal      httpstcoLflOUHa4CG    Wednesday 02 March 2022 ⏰ 700 PM,0
279,Liveᴴᴰ North Cobb Christian School VS The Heritage School  Boys Basketball Playoffs      httpstcovfI60N4udr    Wednesday 02 March 2022 ⏰ 700 PM,0
280,Liveᴴᴰ Niles High School VS Vicksburg High School  MHSAA Girls Basketball Playoffs      httpstco4HUsV5UDSP    Wednesday 02 March 2022 ⏰ 700 PM,0
281,Check out this listing I just added to my Poshmark closet NWT BSP Blue Mesh Accent Pocket Capri Leggings Color is stock photos httpstcoalJubL65P1 shopmycloset ,1
282,Liveᴴᴰ Mumford High School VS Berkley High School  MHSAA Girls Basketball Playoffs      httpstco3tj4EuPO0P    Wednesday 02 March 2022 ⏰ 700 PM,0
283, ,0
284,Liveᴴᴰ MorristownBeard High School VS Seton Hall Preparatory School  NJSIAA Boys Basketball Playoffs      httpstcotrM6Li7GWr    Wednesday 02 March 2022 ⏰ 700 PM,0
285,DM,0
286, ,0
287,Liveᴴᴰ Missisquoi Valley Union High School VS Montpelier High School  VPA Boys Basketball Playoffs      httpstcoGfya6M4cCO    Wednesday 02 March 2022 ⏰ 700 PM,0
288,Liveᴴᴰ Milford High School VS Walled Lake Central High School  MHSAA Girls Basketball Playoffs      httpstcosaxlNRP6zf    Wednesday 02 March 2022 ⏰ 700 PM,0
289,Liveᴴᴰ Midland High School VS Bay City Central High School  MHSAA Girls Basketball Playoffs      httpstcoKseah9A3OQ    Wednesday 02 March 2022 ⏰ 700 PM,0
290,Liveᴴᴰ Merritt Academy VS Cardinal Mooney Catholic High School  MHSAA Girls Basketball Playoffs      httpstcoM5zGr52Mnr    Wednesday 02 March 2022 ⏰ 700 PM,0
291,Liveᴴᴰ Menominee High School VS Gladstone High School  MHSAA Girls Basketball Playoffs      httpstcot4yOIpxt9Q    Wednesday 02 March 2022 ⏰ 700 PM,0
292,Liveᴴᴰ Marcellus High School VS Gobles High School  MHSAA Girls Basketball Playoffs      httpstco6SLGa1D3o8    Wednesday 02 March 2022 ⏰ 700 PM,0
293,Liveᴴᴰ Lutheran Northwest High School VS Shrine Catholic High School  MHSAA Girls Basketball Playoffs      httpstcoLtjBbxzCHK    Wednesday 02 March 2022 ⏰ 700 PM,0
294,Liveᴴᴰ Lincoln High School  Ypsilanti VS Ann Arbor Pioneer High School  MHSAA Girls Basketball Playoffs      httpstcozMRjMwwJ14    Wednesday 02 March 2022 ⏰ 700 PM,0
295,Liveᴴᴰ Lewiston Porter Senior High School VS East Aurora High School  NYSPHSAA Section VI B1 Girls Basketball Semifinals      httpstcotAZ76iXngk    Wednesday 02 March 2022 ⏰ 700 PM,0
296,Liveᴴᴰ Leland High School VS Mesick High School  MHSAA Girls Basketball Playoffs      httpstcobJyLNwXPPT    Wednesday 02 March 2022 ⏰ 700 PM,0
297,Liveᴴᴰ Keyser High School VS Hampshire High School  WVSSAC Boys Basketball Playoffs      httpstcoKfm2y9Kpft    Wednesday 02 March 2022 ⏰ 700 PM,0
298,Liveᴴᴰ Jonesboro High School VS Loganville High School  Boys Basketball Playoffs      httpstcoYDt4qaEf5Z    Wednesday 02 March 2022 ⏰ 700 PM,0
299,Liveᴴᴰ Jefferson High School VS Westover Comprehensive High School  GHSA Boys Basketball Playoffs      httpstcoIHhrrSVU5T    Wednesday 02 March 2022 ⏰ 700 PM,0
300,MarcusFlowersVsMTG Lets help this veteran come to Congress httpstcosZTTYfitkP,1
301,I think about this a lot…nnI have been surrounded by really smart people in the workforce and school Some of these people were great workers and geniuses nnThese are the people I wish were in Congress I always think there’s no way 99 of congresspeople can do what they do,1
302, You mean like the oath that our Congress took okay you mean like the oath I took as a defense intelligence agency employee yeah okay you mean the oath I took as an American when I said I pledge allegiance every morning since I could speak yeah okay The center will not hold,1
303,More Banks Report Working With Marijuana Businesses As Pressure Builds To Pass On Congress To Pass Reform Bill  Marijuana Moment httpstcopOZ2rLSTzX,1
304,its in the water  RoJo said he hasnt been particularly successful in congressgtgt httpstco5bt6QiAQ6I,0
305, She is   crazy as Hell and has no business being in Congress whatsoever,1
306, We have seen members of Congress committ crimes by the numbers on Jan6th 2021 and have skated any responsibility Zip is being done to any other them which emboldens them to keep criming No accountability,1
307, The same thing I thought when republican Joe Wilson yelled “you lie” at Obama during his speech in front of the join session of congress it’s unnecessary and childish  nnAnd how do you feel about this antics,1
308, FYI Maddythere is a reason to test At  a least half a dozen lawmakers tested POSITIVE for COVID19 prior to Bidens State of the Union speech COVID never left us When you call it China virus your racism is on full display Grow up I want adults in Congress,1
309,  Statehood   Congress established the Charter Board which just keeps chartering new schools and campuses each year without a mandate to coordinate with DCPS or to in any way coordinate geographic or topical coverage,1
310, Abortion with limits was deemed covered in the Constitution broadening of another Constitutional right  its never mentioned explicitly or implicitly nnJudges are meant to interpret and judge Congress is meant to legislate If you dont like it do your job,1
311, And you the worst Congress person,1
312,You had those two Cackling Hens  Qanon Congress women Boebert amp  Greene Boebert kept interrupting President Biden speech as he was talking about the US Military and his son Beau Biden Lindsey Graham of SC told Boebert to shut the fuk up remember Joe Wilson of SC he did,1
313, The bill is 1 page and readsn1 no cyber attacking n2 2 trillion in untraceable spending for cyber measures nnIt passed Congress 5000,1
314,Texas elections Another socialist likely headed to Congress after winning Dem primary httpstcolgWrvGTSL7 FoxNews,1
315, WTF is wrong with Massie Goas and Rosendale Expel them from Congress,1
316,  As I recall the court almost begged Congress to act in Toolson,1
317, I mean he’s right Congress is the body that declares war And yes they have tried that power to the detriment of the USnBut he doesn’t seem to know the history of how that has worked over the past 70 years,1
318, What a joke President Biden said he cough make a Americans Great Again President Biden is not President Biden is biggest supporter China Under the table deal Disgraceful Democratic Congress and President Biden Vp Harris Trump wouldn’t Americans First,1
319,  I presumed she was a loudmouthed trailer park baby mama on her 2nd or 3rd husband who convinced a bunch of OTHER inbreds to elect her to congress I also think she only wears glasses because to her followers it gives her 20 extra IQ points TryingToBePalin20,1
320,  You did vote like hell in 2020 then went sleepI’m a former R operativeThis I know Rs got things passed wout 60 votes Remember KavanaughFilibuster negotiating amp strong armingDs leadership in Congress is abysmal amp if Rs take it back President DeSantis it might beWakeup,1
321,Congress is present on break for 09 May elections  Nothing was mentioned if the Palace would call for a special session,1
322,   You mean the US Ambassadir lied to Congress,1
323, he did not shame anyone the kids were told to wear the mask and you can clearly see a few of them were happy about taking them off you have lost this battle like most the others you have waged  or did you not get the memo from congress yesterday ,1
324,Review oil deregulation law considered  Pres Duterte PRRD called on Congress to review RA 8479 or the oil deregulation law to give government the power to intervene in the wake of spiralling oil prices  This also covers price unbundling amp min inventory requirements,1
325,Every Jew in the world knows what WarCrimes are  We must shout it advocate in the halls of Congress Parliament etc amp fight the evil perpetrator   HoldPutinAccountable WarCrimes httpstcojapxtzwohr,1
326,I dont care what side of the political divide you are on  and  heckling during SOTU is disgusting And its all just to rile up their nasty base of dullards Thats it Just a show Thats all theyve got Neither of them belong in Congress sotu,1
327,  Blacklist and remove from Congress,1
328, hey AOC this a stretch But I wanted to ask how can someone who is frustrated with most of congress and how the United States is headed to destruction what can a single person do How can someone run for Congress How can one start change in a world were  ppl refuse to,1
329,Combat operations in Ukraine are coming to a critical inflection point and Congress must act now httpstcoRdgsZleqzL FoxNews,1
330,Yes and by first year idiots controlling the destiny of our Congress and forward movement  acting as useful idiots to entrenched MOC who are racists and traitors to their oaths and country httpstcoBPd9TU229J,1
331,  Do your best not to do that there’s some people who haven’t voted they’re chastised for it Your vote counts amp so does your money there were plenty that did amp they took it Senate amp congress are you really want to focus on,1
332,  I believe in the power of censure The Constitution grants this power and so long as it’s justified it should be used as a form of discipline as has been the case for many members of Congress dating back to the mid19th century These 2 individuals behave abominably,1
333,Yeah 40 of Congress should be expelled but unfortunately those very politicians have enough power to prevent the 23 votes required to expel a member of congress nRepublicans are definitely going to end our democracy at some point if we don’t stop them httpstcodt6QVqt9ne,1
334,  सरकार हर संभव प्रयास कर रही है आप इस प्रयास का हिस्सा नहीं बनना चाहते कोई बात नहीं पर कम से कम इस समय जनता में डर व भ्रम का माहौल तो न बनायें भारतीयों पर संकट के समय तो हम सब एक हो,0
335,Damn right does it sound like any Trump cult following congress member … or all of them httpstcoh5dtkTMfOk,1
336,Leader of Alabama Chapter of Oath Keepers Pleads Guilty to Seditious Conspiracy and Obstruction of Congress for Efforts to Stop Transfer of Power Following 2020 Presidential ElectionnnhttpstcogL6Xa69KuW,1
337, Why is he still in Congress,1
338, Can’t wait to see you kicked out of Congress by your constituents,1
339, Teenage little girl acts If these despicable acts would have been committed by black congress women we all know the outcome,1
340,  Just like congress hasnt done anything while cops are still killing unarmed people of color,1
341,       Nice Its very much important to stand with the party workers and provide them all the necessary help including legal support,0
342,  Anti Democracy forces are occupying the US Congress Paul Gosar Thomas Maddie Matt Rosendale are GOPTraitorsToDemocracy DemocracyNotAutocracy GOPtheRussianParty,1
343,  About 90 of what Congress does is symbolicnnThe flag is symbolicnnThe Pledge is symbolicnnThe Anthem is symbolicnnKneeling during the anthem is symbolicnnVoting AGAINST a proUkrainepeople resolution is symbolicnnVoting AGAINST an antiwarofaggression resolution is symbolic,1
344, You truly are worthless in Congress and I believe you are instrumental in being a cohort with Russia  Even your family thinks youre nuts,1
345,   Sahi kha,0
346, And this comes with a valuable lesson You too can be elected to Congress with less than 17000 votes as long as youre on the right side of the gerrymandering,1
347,Lawyers ask US justices not to block new NC Congress map election2022 ncpol httpstcodIYpKhSXdq,1
348,Im supportive of having a minimum AND MAXIMUM age for the president and any member of Congress,1
349,  For someone who lives in Colorado but not in Lauren Boebert district Im so offended by her disrespect towards the President lost of his son and the lack of empathy she dont belong in congress or any elected officers She is what you call white trash,1
350,    can someone explain why Congress can’t jointly submit a bill to restart the American oil company industry at WARP SPEED and override the executive orders that closed everything down and weakened America  This A National Security Issue,1
351,  Imagine thinking the Chinese regime “representing” the Chinese people is the same as Congress representing US citizens,1
352, Lauren Boebert and MTG are a disgrace to Congress RepublicansHateAmerica RepublicansAreTraitors httpstcoCp3FceBnC4,1
353,Thanks for sharing the struggles of affordable housing opportunities in Huntington    We need more representatives in Congress who will tackle the root causes of the housing crisis httpstcoph6QErqNOX,1
354, These women need to be held responsible for their horrible behavior They acted like middle school students rather than members of congress No shame Not that the GOP will do or say anything,1
355, Theres a USA Congress candidate who has written a really good article saying where is the harm As you point out below it is the bias policing and criminalisation which is the harm nnhttpstcoAyCYftfjhP,1
356,  let it just be the start If I am elected to Congress I vow to work to end the Department of Education there,1
357,साक्षात्कार  जेपी नड्डा बोले विपक्ष ‘घातक गठजोड़’ बना पहले चुनाव लड़ता हैफिर हारने पर आपस में लड़ता हैnUPElectionWithAmarUjala VoteKaro election2022 upelection2022    nhttpstcopTAjk0Av9i,0
358,    Oh wow…she actually got all the spelling right One of the dumbest person in Congress,1
359, Classic deflection for someone who isnt qualified to serve biscuits to my dog much less serve in congress,1
360,It’s CPOC  Congressional Parasites of Congress httpstconKECddaO0O,1
361,Yup Hire for ingenuity people  COVID cracked old school structures Ukraine has busted out new potential  Followthemoney but maybe dont take it  And share Ukrainian Canadian Congress Ukrainian Canadian Professional and…httpstcob8k1Xya2Hb httpstcoMKD4b3mIeJ,1
362,Can you pitch in today to help send me back to Congress to keep fighting for Arizona families and small businesses httpstcoo5vVNgWOuD,1
363,Over the last few years I’ve been working in Congress to bring billions of dollars to Arizona’s economy expand broadband access to rural AZ01 communities and protect and expand the rights of our tribal communities,1
364, Gr8 job India is proud of our MEAnOpposition Plz shut up n n,0
365,I’m sorry but if you ever find yourself needing a  of 7 consecutive tweets to make your case you may want to stop and rethink your position Congress Ukriane,1
366,ExpelLaurenBoebert ExpelMarjorieTaylorGreene Congress has expelled Reps for much less than the large number of offenses these two thugs have imposed on the USA They need to face consequences httpstcoG4D63XtjAW,1
367,   Get it Im a liberal and I am in 100 agreement that neither of those nincompoops did anything that would come within a continent of being treason or would give anyone a right to expel them from Congress Everyone has a right to make a jackass of themselves,1
368, You are either an idiot or a liar both of which should automatically disqualify you from Congress,1
369,Congress Thats why I need your help Can nyou chip in whatever you can to help grow our progressive movement and keep nup our momentum here in TennesseehttpstcoX9fOgWQcac,1
370, Who you  Congress is done wearing masks,1
371,  Sir அடுத்தவர் முதுகில் சவாரி செய்த நீங்கள் இதை பற்றி  பேசலாமா     httpstcomBgfwyUPhH,0
372, You’re an a An embarrassment A joke A misfit You do not belong in Congress God help your district,1
373,  As passionate and hard working as he is Scott should totally run for office Hed be better than 90 of the dimwit liberals in congress,1
374,Ripple Proposes Collab With Congress  Joe Lubin Hot Water  ODL Growth httpstco4WwDAisOnT via  Crypto Trending  httpstcoUnJthtsrh5,1
375, Well hill it just shows you two things that are certain in this world theyre some DMFNFL voters in Colorado and Georgia and sadly any and I mean any schmuck can get elected to congress these days  httpstcoIuyoRFKRvs,1
376,Oh wow Someone in Congress is actually thinking httpstcoajdIwDqLMH,1
377, Repubs will only take back senate and congress if they find a way to stop the  dims from stealing the election again,1
378, Kung nasasakupan mo lang ako boboto  talaga kita again we need new people sa congress,1
379,       A Government oF the People by the People For The People is what we need  this November Replace Congress with a new Congress of Patriots not Rhinos or communistDemocrats SOTU22  httpstcoaVszwNqWbp,1
380,  I look at them as an example of equality For years weve put men in Congress who had absolutely no business being there Weve usually required women to be extremely qualified to even have a chance Finally two vastly unqualified and awful women are in Congress too Progress,1
381,Will someone flush this Sewage How about it  Or do you condone this type of behavior from Republican Representatives in the US Congress httpstco5rbBH3bfZd,1
382, You’re a disrespectful person Calling out a president during his state of the union is not something we want in our members of congress During the speech you  when you agree and stay silent when you don’t Then you air your differences to the press after,1
383,STOP  GIVING  ATTENTION  TO THESEoh fuck it lets just get to the good parttwo FUCKING DUNCES we let into the Congressnnyes I know there are more than 2,0
384, He has to have figures to understandHe gets confused about strategy issuesHe is acting as a AuditorFamilies knows before the govtUnfortunately no one was Congress supporter and due to war it is all confidential,1
385,  How dumb are these twonTheyre so dumb they cant tell the difference between a high school football game and the halls of Congress nTheyre so dumb they have zero idea of how to act like intelligent responsible adultsnTheyre so dumb they deserve to be VOTED OUT,1
386,Nuevos teléfonos relojes y audífonos HONOR dejó a todos muy contentos con sus novedades presentadas en el Mobile World Congress 2022nHONOR HONORMagic4Series HONORWatchGS3 HONOREarbuds3Pro HONORBolivianhttpstcoISEN4YPLxg,1
387,  CNP The Family World Congress of Families National Prayer Breakfast Graham Pauls RUS orthodox church and many more,1
388, Arguably the ODDEST thing Ive ever seen from a member of Congress,1
389,  What a great combination of photos If only we could get the monkeys switch places with Boebert amp Greene we would instantly improve the intelligence level in Congress,1
390, And removed from congress,1
391, Do you have any comments on the pariah members of Congress who voted against supporting Ukraine today Anything,1
392, America deserves better than this Representative in Congress,1
393,Biden seems to have pretty much unanimous support from Congress as he goes after Putin and Russia,1
394,  Damn autocorrect it should be Ass Clowns in Congress,1
395, Or should I have said the “members” of congress,1
396, If you dont understand that caring about the Ukranian border more than our own Southern border than its probably good that youre leaving Congress I used to support you specifically as a fellow vet but youve lost me,1
397, As a member of Congress unfortunate for Congress you should learn about Respect Decency Class amp Principles You are a very poor example for any young people to emulate Your crude heckling of our President depicted you as trash We’ll pray for you ,1
398,  Nina Your Voice Is Needed In CongressnYou Are A Rare Jewel  nOne That Fights For The Rights Of All PeoplenNot Like The Corporate Democrats That Are Concerned With ReElection and nBig Money  DonorsnAmerica  Deserves BetternWe Need  nAnd More Like You,0
399,   You seem extremely confused about how this feed works No ones agreeing with the person featured in the bad legal take The whole point is that expelling them from Congress is a terrible take that would violate the 1st Amendment,1
400,Não creio nessa história do Ingresso do GP de SP se isso for real lascou mas vou esperar e me organizar nnAqui é luta e vamos até o fim,1
401,    dih sp tu julid amat,1
402,Yo te amo lo doble httpstcoQgZUvlRSJb,0
403,     Mais aí é que tá a diferença o visual feio vc vai pra orla e tem uma vista maravilhosa já SP vc só fica com o visual feio essa é a diferença,1
404, Sempre foi em SP marca de boy só aqui q n prestava nunca usei minha saia n me conformo,1
405, ,0
406, ,0
407, But we talked for a bitnI just got homenGet a nFix some teanChillnnFighting thoughnI amnI still got some purple Jade leftnIm really wanting to make the white amp purplenI bet its gonna be prettynNone of this except for the red amp clear Ive made before,0
408, To no ep 5 da segunda,0
409,nn,0
410, ´ωnn,0
411, Segura os teus be ó ,0
412,   Muito verdade tava receoso de pegar o Mirassol no sorteio Mesmo que o time do Grêmio seja qualificado é jogo muito duro contra eles nesses primeiros momentos de estaduais eles são mto fortes dps eles começam negociar os destaques aí decai Mas já eliminaram o SP no Paulista,1
413, u200d,0
414,se o sp perder sabado a culpa eh da yasmin anotem,1
415,Age influences audiovisual speech processing in multitalker scenarios – Evidence from cortical oscillations httpstco8HWlQkMdzn Behavioural amp EEG study 18 older amp 21 younger adults focusing on the role of theta alpha amp beta oscillations in AV processing,0
416,  ,0
417, BASTA Q LINDA M MAT0,0
418, nnu3000∋nEP06n,0
419, Thank you for your wisdom and hard work U0001faf6,0
420, Si ya ,0
421, Boosie got his own hair cut in Louisiana… “Boosie Fade”,0
422,nhttpstcoVq53WA6Oxt,0
423,Que te llamen por teléfono responder msjs sentir la presión de festejarlo tener que ser anfitrión invitar gente que se instala y no se va más organizar y atender personas bajar a abrir 10 veces porque llegan todos en distintos horarios si tuviera más caracteres seguiría httpstco1vHC6WCWMZ,0
424, n,0
425,   O jornalista dp da turbulência fala em empurrões acobardandose E durante o directo ficou definitivamente comprovado os adeptos do Sp Lx são os mais burros da história como diria o outro insultam o FCP PdC e falam de roubo,1
426, ,0
427, nYouTubernn,0
428,Posted SP on my insta and it’s the most engagement I’ve gotten in a year U0001f9cdu200dwtf y’all,1
429,,0
430, Y eso pq  trata de dormir nIgual ando cansada ,0
431,quero m,0
432,  هههههههههههههههههههههههههههههههههههههههههههههههههههههههههههههههههههههه,0
433,   وانت ليش خايف من قيام الساعة انت سوف تمون شىت ام ابيت زكل الناس سيموتون وستحاسب على كل اعمالك منذ ان اصبح سنك 10 سنوات الي يوم موتك ستحاسب فعمل ما شىت اءا ,0
434,PC,0
435,Tv champion dong  httpstcoXYBEHNYkR1,0
436, Maravilhosa,0
437,2335 httpstcoCVJ3wJOlM3 via ,0
438,  يا صباح الورد والياسمين,0
439,Running clock at SP Southmont cruising 5916 in the fourth quarter over Riverton Parke,1
440,     It’s not something I thought I would’ve agreed with beforehand but with the loot packs I would rather swing and miss completely than swing and get 4 60Ks and I’ve admittedly been pretty fortunate in loot packs,0
441, v,0
442, httpstcookjuZzZRk3,0
443, nCHOICECASTchoiceNanaseCASTchoiceCASTchoice,0
444,nn httpstcoMlgccW836L,0
445,dirigir a moto agr 500 por horas pra chegar logo em casa,0
446, Estoy haciendo fideos con salsa venite,0
447,,0
448, HOLAAAAAAAAAAAA NUEVD MUTIIIlt3nQué tal todoooo,0
449,26 GÜÇLENDİRİLMİŞ PARLEMENTER SİSTEM Mİ TÜRKİYE CUMHURİYETİ DEVLETİNİN TASFİYESİMİnDeğerli arkadaşlarımnCHP İYİ Parti Demokrasi ve Atılım Partisi Partisi DEVA Saadet Partisi SP Demokrat Parti DP ve Gelecek Partisinin yer aldığı altı muhalefet partisinin hazırladığı httpstco2gDWUZEyeh,1
450,Check out Marcell Ozuna 2012 Upper Deck SP Signature Edition Autograph Card httpstcodzhlJFzZap  collect thehobby,1
451, eu fico eh rindo,0
452,GLOBALSPACES httpstcogS83TvK0Fx,0
453, O…,0
454,hrtspfa,0
455, Como assim hoje não foi o primeiro dia Quarta de cinzas foi feriado,0
456,   devolver a vergonha para na cara para o   httpstcoWe9po02JmF,0
457,  acc,0
458,  omg those colors are to die for i wanna eat it up,0
459, I think they can fit them all in Injuries always come up amp with Sale returning from major injury amp Eovaldi having had 2 TJ there’s fair chance something will come up Hill was great all year amp Wacha should have stayed a SP once he got into a groove  Rays yoyo’s him too much,1
460, httpstcogEMc3wHObM,0
461,nn httpstcoUiaIgwyFhg,0
462,Eu esse fim de semana em SP httpstcoMRzmdTARAt,1
463, פחחחחחחחח מי מדבר nחצוף שכמוך,0
464,     Congrats Sophie I’m so proud of youU0001f90d,0
465, woah no truck deserves to have that guilt put upon them  unless its a russian truck,0
466,لسنا لأحد  إنا للّٰه وإليه راجعون ,0
467,i’m bored i wanna go home,0
468,   Parceiro sem fanatismoacredita que no Rio 1 em cada 5 eleitores vai votar no Ciro É piada Em SP  1 em cada 10 eleitores Acorda Fajutagem total Esse Instituto tem ligação com MagazineLuizapetista Não querem Moro no segundo turno Querem o Minto,1
469, É por isso que somente o Cristiano Ronaldo é maior q o Barcinha,0
470, ir p sp te ver ne,1
471,TaForaDoriaGILMACI SANTOS FAZ MAIS DE UM ANO QUE DORIA SUCATEIA A VIDA DOS APOSENTADOS DE SP DESENGAVETA A PDL22 JÁ httpstcofgYBEtr9eI,1
472,Lockout Notes TV Contracts Miller Scherzer Stipends httpstcobJ4byfKA0H,0
473, httpstcoKG7LmxTqZW,0
474,Fico passado como pessoal de sp realmente vive a faculdade,1
475,Has volume control on steering wheel Still uses main radio knob to turn down volume,0
476, O,0
477, Thank you,0
478, NOOOOO Q MALAAAAAA,0
479, Fica bem queridona O trânsito de SP é bem agressivo mesmo Mas  continue pois situações de quase batidas são rotineiras e qdo vc se der conta já vai estar craque Vc é fera Logo logo vai estar mto a vontade dirigindo e nem ligando pra buzina alheia,1
480,A Justiça determinou que a União o estado de São Paulo e o Município de Cruzeiro SP forneçam o medicamento Alecensa Alectinib a homem com câncer de pulmãonnMais httpstcoOk6Auvr75Cnnnoticias noticiasjuridicas medicamento sus httpstco50MmV1apvy,1
481,BolsonaroTemRazao aos críticos do BEM httpstcoYNs8m2Q11A,0
482,amarratergolpo।। choti golpo আমার টিচারকে চোদার গল্প httpstcoJSFbDh9jbA,0
483,18 11n83ANN0nu200dn34nnn0ZEROnhttpstcopPwzlWOUIU,0
484, ,0
485, httpstconDly8tnrPj,0
486,                All or nothing           ,0
487, nu200d,0
488, But same from my direction,0
489,nnnnRS FES httpstcoGPKEb4A179,0
490, nn47 httpstcodCRPmEiPBH,0
491, The idea of paying taxes over time in a video game is fucking awful I play video games to escape reality ,0
492,Pare com isso kkkk,0
493,O difícil de ter tanto web amigo de SP é que eles falam sempre de uma tal de ZignPelo amor de deus o que é zig isso parece nome de programa de gincana,1
494, Fábio ZanininnRepórter especialnnRepórter especial e autor do blog Saída pela Direita Foi editor de Poder e de Mundo repórter de política em SP e Brasília correspondente em Londres e Johannesburgo,1
495, Você é lindíssima Soelen Pena não ser de SP pra eu votar em ti pois além de linda é inteligente e luta pelas coisas certas e da maneira correta,1
496,    But its mean theater  Mean nahole bully Behavior to real peoplenAdds incorrectly its doing nothing,0
497, wwwwwww,0
498,dios voy a estar sp inactiva pq esta caga d celular m va cmo el hoyo a ver si mi papá m compra uno v o me pasa el d el ,1
499, ,0
